{"speed": 2,
"rocks": [{"type":"rock",
"x": 0.83458984375,
"y": 0.6984999999999999,
"width": 0.1675,
"height": 0.335}],
"flowers": [{"type":"flower",
"x": 0.61708984375,
"y": 0.32,
"width": 0.0625,
"height": 0.125},
{"type":"flower",
"x": 1.14583984375,
"y": 0.2975,
"width": 0.0625,
"height": 0.125}],
"spiders": [{"type":"spider",
"x": 0.90083984375,
"y": 0,
"width": 0.22,
"height": 0.44,
"maxAngleSpeed": 0.05235987755982988,
"omega": 0.05235987755982988}],
"endPosition": 1600}