{"speed": 2,
"rocks": [{"type":"rock",
"x": 0.69583984375,
"y": 0.568,
"width": 0.24,
"height": 0.48},
{"type":"rock",
"x": 0.69583984375,
"y": 0.568,
"width": 0.24,
"height": 0.48}],
"flowers": [{"type":"flower",
"x": 0.74958984375,
"y": 0.4075,
"width": 0.0625,
"height": 0.125},
{"type":"flower",
"x": 0.74958984375,
"y": 0.4075,
"width": 0.0625,
"height": 0.125}],
"spiders": [{"type":"spider",
"x": 0.80458984375,
"y": 0,
"width": 0.14125,
"height": 0.2825,
"maxAngleSpeed": 0.05235987755982988,
"omega": 0.05235987755982988},
{"type":"spider",
"x": 0.80458984375,
"y": 0,
"width": 0.14125,
"height": 0.2825,
"maxAngleSpeed": 0.05235987755982988,
"omega": 0.05235987755982988}],
"endPosition": 1292.671875}