{"speed": 2,
"rocks": [{"type":"rock",
"x": 0.82833984375,
"y": 0.57475,
"width": 0.23625,
"height": 0.4725},
{"type":"rock",
"x": 0.82833984375,
"y": 0.57475,
"width": 0.23625,
"height": 0.4725}],
"flowers": [{"type":"flower",
"x": 0.88458984375,
"y": 0.3175,
"width": 0.0625,
"height": 0.125},
{"type":"flower",
"x": 1.22583984375,
"y": 0.655,
"width": 0.0625,
"height": 0.125},
{"type":"flower",
"x": 1.84333984375,
"y": 0.5625,
"width": 0.0625,
"height": 0.125}],
"spiders": [{"type":"spider",
"x": 1.5,
"y": 0,
"width": 0.25,
"height": 0.5,
"maxAngleSpeed": 0.05235987755982988,
"omega": 0.05235987755982988}],
"endPosition": 1600}