{"speed": 2,
"rocks": [{"type":"rock",
"x": 0.74458984375,
"y": 0.6467499999999999,
"width": 0.19625,
"height": 0.3925},
{"type":"rock",
"x": 1.03333984375,
"y": 0.61525,
"width": 0.21375,
"height": 0.4275}],
"flowers": [{"type":"flower",
"x": 0.92833984375,
"y": 0.4475,
"width": 0.0625,
"height": 0.125}],
"spiders": [{"type":"spider",
"x": 0.81958984375,
"y": 0,
"width": 0.16625,
"height": 0.3325,
"maxAngleSpeed": 0.05235987755982988,
"omega": 0.05235987755982988},
{"type":"spider",
"x": 0.81958984375,
"y": 0,
"width": 0.16625,
"height": 0.3325,
"maxAngleSpeed": 0.05235987755982988,
"omega": 0.05235987755982988},
{"type":"spider",
"x": 1.10958984375,
"y": 0,
"width": 0.1575,
"height": 0.315,
"maxAngleSpeed": 0.05235987755982988,
"omega": 0.05235987755982988}],
"endPosition": 1600}