{"speed": 2,
"rocks": [{"type":"rock",
"x": 0.82583984375,
"y": 0.5972500000000001,
"width": 0.22375,
"height": 0.4475}],
"flowers": [{"type":"flower",
"x": 0.71958984375,
"y": 0.4575,
"width": 0.0625,
"height": 0.125},
{"type":"flower",
"x": 0.86833984375,
"y": 0.46,
"width": 0.0625,
"height": 0.125},
{"type":"flower",
"x": 1.07083984375,
"y": 0.4575,
"width": 0.0625,
"height": 0.125},
{"type":"flower",
"x": 1.07083984375,
"y": 0.4575,
"width": 0.0625,
"height": 0.125}],
"spiders": [{"type":"spider",
"x": 0.94583984375,
"y": 0,
"width": 0.16,
"height": 0.32,
"maxAngleSpeed": 0.05235987755982988,
"omega": 0.05235987755982988}],
"endPosition": 1296.671875}