{"speed": 8,
"rocks": [{"type":"rock",
"x": 1.04583984375,
"y": 0.604,
"width": 0.22,
"height": 0.44}],
"flowers": [{"type":"flower",
"x": 1.09458984375,
"y": 0.3675,
"width": 0.0625,
"height": 0.125},
{"type":"flower",
"x": 1.09458984375,
"y": 0.37,
"width": 0.0625,
"height": 0.125}],
"spiders":[],
"endPosition": 1600}
